<?xml version="1.0" encoding="UTF-8"?><manifest identifier="MNFST-SNP-74-2" version="1.3" xmlns="http://www.imsglobal.org/xsd/imscp_v1p1" xmlns:adlcp="http://www.adlnet.org/xsd/adlcp_v1p3" xmlns:adlseq="http://www.adlnet.org/xsd/adlseq_v1p3" xmlns:adlnav="http://www.adlnet.org/xsd/adlnav_v1p3" xmlns:imsss="http://www.imsglobal.org/xsd/imsss" xmlns:xsi="http://www.w3.org/2001/XMLSchema-instance" xmlns:lom="http://ltsc.ieee.org/xsd/LOM" xsi:schemaLocation="http://www.imsglobal.org/xsd/imscp_v1p1 imscp_v1p1.xsd
                              http://www.adlnet.org/xsd/adlcp_v1p3 adlcp_v1p3.xsd
                              http://www.adlnet.org/xsd/adlseq_v1p3 adlseq_v1p3.xsd
                              http://www.adlnet.org/xsd/adlnav_v1p3 adlnav_v1p3.xsd
							  http://www.imsglobal.org/xsd/imsss imsss_v1p0.xsd
							  http://ltsc.ieee.org/xsd/LOM lom.xsd">
<metadata><schema>ADL SCORM</schema><schemaversion>2004 4th Edition</schemaversion></metadata><organizations default="ORG-SNP-74-2"><organization identifier="ORG-SNP-74-2"><title>12 and 15-Passenger Van: DOT Audit Inspections (Microlearning)</title><item identifier="SCO-ITEM-SNP-74-2" identifierref="SCO-SNP-74-2"><title>12 and 15-Passenger Van: DOT Audit Inspections (Microlearning)</title><imsss:sequencing><imsss:controlMode choice="true" flow="false" /></imsss:sequencing></item><metadata><schema>ADL SCORM</schema><schemaversion>2004</schemaversion></metadata></organization>	</organizations><resources><resource identifier="ASSETS-SNP-74-2" type="webcontent" adlcp:scormType="asset"><file href="index.html"/></resource><resource identifier="SCO-SNP-74-2" type="webcontent" adlcp:scormType="sco" href="index.html"><file href="index.html"/><dependency identifierref="ASSETS-SNP-74-2"/></resource></resources>
</manifest>