<?xml version="1.0" encoding="UTF-8"?><manifest identifier="MNFST-VLS8310" version="1.2" xmlns="http://www.imsproject.org/xsd/imscp_rootv1p1p2" xmlns:adlcp="http://www.adlnet.org/xsd/adlcp_rootv1p2" xmlns:xsi="http://www.w3.org/2001/XMLSchema-instance" xsi:schemaLocation="http://www.imsproject.org/xsd/imscp_rootv1p1p2 imscp_rootv1p1p2.xsd http://www.imsglobal.org/xsd/imsmd_rootv1p2p1 imsmd_rootv1p2p1.xsd http://www.adlnet.org/xsd/adlcp_rootv1p2 adlcp_rootv1p2.xsd"><organizations default="ORG-VLS8310"><organization identifier="ORG-VLS8310"><title>Intro to Personal Safety</title><item identifier="SCO-ITEM-VLS8310" identifierref="SCO-VLS8310"><title>Intro to Personal Safety</title></item><metadata><schema>ADL SCORM</schema><schemaversion>1.2</schemaversion></metadata></organization>	</organizations><resources><resource identifier="ASSETS-VLS8310" type="webcontent" adlcp:scormtype="asset"><file href="index.html"/></resource><resource identifier="SCO-VLS8310" type="webcontent" adlcp:scormtype="sco" href="index.html"><file href="index.html"/><dependency identifierref="ASSETS-VLS8310"/></resource></resources></manifest>